Run,age,Assay Type,AvgSpotLen,Bases,BioProject,BioSample,BioSampleModel,BREED,Bytes,Center Name,Collection_Date,Consent,Cultivar,DATASTORE filetype,DATASTORE provider,DATASTORE region,dev_stage,ecotype,Experiment,geo_loc_name_country,geo_loc_name_country_continent,geo_loc_name,Group1,Instrument,isolate,Library Name,LibraryLayout,LibrarySelection,LibrarySource,Organism,Platform,ReleaseDate,create_date,version,Sample Name,sex,SRA Study,strain,tissue
SRR31045382,not collected,RNA-Seq,300,6739299900,PRJNA1174889,SAMN44349953,Model organism or animal,Bama,4412158571,GUANGXI UNIVERSITY,2024-10-14,public,not collected,"run.zq,sra,fastq","ncbi,s3,gs","gs.us-east1,s3.us-east-1,ncbi.public",not collected,not collected,SRX26429982,China,Asia,China: Chengdu,10,DNBSEQ-T7,not collected,TA_WT_3,PAIRED,RT-PCR,TRANSCRIPTOMIC,Sus scrofa,DNBSEQ,2025-01-01T00:00:00Z,2024-10-19T04:04:00Z,1,TA_WT_3,male,SRP539507,not collected,TA
SRR31045383,not collected,RNA-Seq,300,6006828300,PRJNA1174889,SAMN44349952,Model organism or animal,Bama,3964755840,GUANGXI UNIVERSITY,2024-10-14,public,not collected,"sra,run.zq,fastq","s3,gs,ncbi","ncbi.public,s3.us-east-1,gs.us-east1",not collected,not collected,SRX26429981,China,Asia,China: Chengdu,9,DNBSEQ-T7,not collected,TA_ZBED6_KO_1,PAIRED,RT-PCR,TRANSCRIPTOMIC,Sus scrofa,DNBSEQ,2025-01-01T00:00:00Z,2024-10-19T04:04:00Z,1,TA_ZBED6_KO_1,male,SRP539507,not collected,TA
SRR31045384,not collected,RNA-Seq,300,6851992200,PRJNA1174889,SAMN44349951,Model organism or animal,Bama,4507054976,GUANGXI UNIVERSITY,2024-10-14,public,not collected,"sra,run.zq,fastq","ncbi,s3,gs","s3.us-east-1,ncbi.public,gs.us-east1",not collected,not collected,SRX26429980,China,Asia,China: Chengdu,8,DNBSEQ-T7,not collected,TA_ZBED6_KO_2,PAIRED,RT-PCR,TRANSCRIPTOMIC,Sus scrofa,DNBSEQ,2025-01-01T00:00:00Z,2024-10-19T04:05:00Z,1,TA_ZBED6_KO_2,male,SRP539507,not collected,TA
SRR31045385,not collected,RNA-Seq,300,6779579100,PRJNA1174889,SAMN44349950,Model organism or animal,Bama,4432239438,GUANGXI UNIVERSITY,2024-10-14,public,not collected,"run.zq,sra,fastq","ncbi,s3,gs","s3.us-east-1,ncbi.public,gs.us-east1",not collected,not collected,SRX26429979,China,Asia,China: Chengdu,7,DNBSEQ-T7,not collected,TA_ZBED6_KO_3,PAIRED,RT-PCR,TRANSCRIPTOMIC,Sus scrofa,DNBSEQ,2025-01-01T00:00:00Z,2024-10-19T04:08:00Z,1,TA_ZBED6_KO_3,male,SRP539507,not collected,TA
SRR31045386,not collected,RNA-Seq,300,6810455700,PRJNA1174889,SAMN44349997,Model organism or animal,Bama,4454447355,GUANGXI UNIVERSITY,2024-10-14,public,not collected,"run.zq,fastq,sra","gs,ncbi,s3","gs.us-east1,s3.us-east-1,ncbi.public",not collected,not collected,SRX26429978,China,Asia,China: Chengdu,54,DNBSEQ-T7,not collected,BIP_WT_1,PAIRED,RT-PCR,TRANSCRIPTOMIC,Sus scrofa,DNBSEQ,2025-01-01T00:00:00Z,2024-10-19T04:05:00Z,1,BIP_WT_1,male,SRP539507,not collected,BIP
SRR31045387,not collected,RNA-Seq,300,6924410400,PRJNA1174889,SAMN44349996,Model organism or animal,Bama,4517863364,GUANGXI UNIVERSITY,2024-10-14,public,not collected,"fastq,run.zq,sra","gs,ncbi,s3","s3.us-east-1,gs.us-east1,ncbi.public",not collected,not collected,SRX26429977,China,Asia,China: Chengdu,53,DNBSEQ-T7,not collected,BIP_WT_2,PAIRED,RT-PCR,TRANSCRIPTOMIC,Sus scrofa,DNBSEQ,2025-01-01T00:00:00Z,2024-10-19T04:05:00Z,1,BIP_WT_2,male,SRP539507,not collected,BIP
SRR31045388,not collected,RNA-Seq,300,5913246600,PRJNA1174889,SAMN44349981,Model organism or animal,Bama,3853862108,GUANGXI UNIVERSITY,2024-10-14,public,not collected,"fastq,sra,run.zq","ncbi,s3,gs","ncbi.public,gs.us-east1,s3.us-east-1",not collected,not collected,SRX26429976,China,Asia,China: Chengdu,38,DNBSEQ-T7,not collected,GAS_ZBED6_KO_2,PAIRED,RT-PCR,TRANSCRIPTOMIC,Sus scrofa,DNBSEQ,2025-01-01T00:00:00Z,2024-10-19T04:07:00Z,1,GAS_ZBED6_KO_2,male,SRP539507,not collected,GAS
SRR31045389,not collected,RNA-Seq,300,6610049400,PRJNA1174889,SAMN44349980,Model organism or animal,Bama,4291028847,GUANGXI UNIVERSITY,2024-10-14,public,not collected,"sra,fastq,run.zq","ncbi,gs,s3","s3.us-east-1,gs.us-east1,ncbi.public",not collected,not collected,SRX26429975,China,Asia,China: Chengdu,37,DNBSEQ-T7,not collected,GAS_ZBED6_KO_3,PAIRED,RT-PCR,TRANSCRIPTOMIC,Sus scrofa,DNBSEQ,2025-01-01T00:00:00Z,2024-10-19T04:07:00Z,1,GAS_ZBED6_KO_3,male,SRP539507,not collected,GAS
SRR31045390,not collected,RNA-Seq,300,7088885700,PRJNA1174889,SAMN44349979,Model organism or animal,Bama,4651888997,GUANGXI UNIVERSITY,2024-10-14,public,not collected,"fastq,sra,run.zq","gs,ncbi,s3","s3.us-east-1,gs.us-east1,ncbi.public",not collected,not collected,SRX26429974,China,Asia,China: Chengdu,36,DNBSEQ-T7,not collected,LD_WT_1,PAIRED,RT-PCR,TRANSCRIPTOMIC,Sus scrofa,DNBSEQ,2025-01-01T00:00:00Z,2024-10-19T04:09:00Z,1,LD_WT_1,male,SRP539507,not collected,LD
SRR31045391,not collected,RNA-Seq,300,6690703800,PRJNA1174889,SAMN44349978,Model organism or animal,Bama,4399282098,GUANGXI UNIVERSITY,2024-10-14,public,not collected,"fastq,sra,run.zq","ncbi,gs,s3","ncbi.public,s3.us-east-1,gs.us-east1",not collected,not collected,SRX26429973,China,Asia,China: Chengdu,35,DNBSEQ-T7,not collected,LD_WT_2,PAIRED,RT-PCR,TRANSCRIPTOMIC,Sus scrofa,DNBSEQ,2025-01-01T00:00:00Z,2024-10-19T04:10:00Z,1,LD_WT_2,male,SRP539507,not collected,LD
SRR31045392,not collected,RNA-Seq,300,6523432800,PRJNA1174889,SAMN44349977,Model organism or animal,Bama,4312099339,GUANGXI UNIVERSITY,2024-10-14,public,not collected,"run.zq,fastq,sra","gs,s3,ncbi","s3.us-east-1,gs.us-east1,ncbi.public",not collected,not collected,SRX26429972,China,Asia,China: Chengdu,34,DNBSEQ-T7,not collected,LD_WT_3,PAIRED,RT-PCR,TRANSCRIPTOMIC,Sus scrofa,DNBSEQ,2025-01-01T00:00:00Z,2024-10-19T04:07:00Z,1,LD_WT_3,male,SRP539507,not collected,LD
SRR31045393,not collected,RNA-Seq,300,6607709100,PRJNA1174889,SAMN44349976,Model organism or animal,Bama,4226020144,GUANGXI UNIVERSITY,2024-10-14,public,not collected,"run.zq,fastq,sra","s3,gs,ncbi","ncbi.public,gs.us-east1,s3.us-east-1",not collected,not collected,SRX26429971,China,Asia,China: Chengdu,33,DNBSEQ-T7,not collected,LD_ZBED6_KO_1,PAIRED,RT-PCR,TRANSCRIPTOMIC,Sus scrofa,DNBSEQ,2025-01-01T00:00:00Z,2024-10-19T04:10:00Z,1,LD_ZBED6_KO_1,male,SRP539507,not collected,LD
SRR31045394,not collected,RNA-Seq,300,7144670700,PRJNA1174889,SAMN44349975,Model organism or animal,Bama,4684562949,GUANGXI UNIVERSITY,2024-10-14,public,not collected,"fastq,run.zq,sra","s3,gs,ncbi","gs.us-east1,ncbi.public,s3.us-east-1",not collected,not collected,SRX26429970,China,Asia,China: Chengdu,32,DNBSEQ-T7,not collected,LD_ZBED6_KO_2,PAIRED,RT-PCR,TRANSCRIPTOMIC,Sus scrofa,DNBSEQ,2025-01-01T00:00:00Z,2024-10-19T04:10:00Z,1,LD_ZBED6_KO_2,male,SRP539507,not collected,LD
SRR31045395,not collected,RNA-Seq,300,6692376600,PRJNA1174889,SAMN44349974,Model organism or animal,Bama,4389953997,GUANGXI UNIVERSITY,2024-10-14,public,not collected,"fastq,run.zq,sra","s3,ncbi,gs","gs.us-east1,ncbi.public,s3.us-east-1",not collected,not collected,SRX26429969,China,Asia,China: Chengdu,31,DNBSEQ-T7,not collected,LD_ZBED6_KO_3,PAIRED,RT-PCR,TRANSCRIPTOMIC,Sus scrofa,DNBSEQ,2025-01-01T00:00:00Z,2024-10-19T04:08:00Z,1,LD_ZBED6_KO_3,male,SRP539507,not collected,LD
SRR31045396,not collected,RNA-Seq,300,7112085000,PRJNA1174889,SAMN44349947,Model organism or animal,Bama,4610522206,GUANGXI UNIVERSITY,2024-10-14,public,not collected,"sra,fastq,run.zq","ncbi,gs,s3","gs.us-east1,s3.us-east-1,ncbi.public",not collected,not collected,SRX26429968,China,Asia,China: Chengdu,4,DNBSEQ-T7,not collected,TIP_WT_3,PAIRED,RT-PCR,TRANSCRIPTOMIC,Sus scrofa,DNBSEQ,2025-01-01T00:00:00Z,2024-10-19T04:11:00Z,1,TIP_WT_3,male,SRP539507,not collected,TIP
SRR31045397,not collected,RNA-Seq,300,4672170900,PRJNA1174889,SAMN44349973,Model organism or animal,Bama,3083973576,GUANGXI UNIVERSITY,2024-10-14,public,not collected,"fastq,run.zq,sra","s3,gs,ncbi","gs.us-east1,s3.us-east-1,ncbi.public",not collected,not collected,SRX26429967,China,Asia,China: Chengdu,30,DNBSEQ-T7,not collected,PMM_WT_1,PAIRED,RT-PCR,TRANSCRIPTOMIC,Sus scrofa,DNBSEQ,2025-01-01T00:00:00Z,2024-10-19T04:07:00Z,1,PMM_WT_1,male,SRP539507,not collected,PMM
SRR31045398,not collected,RNA-Seq,300,6410942400,PRJNA1174889,SAMN44349972,Model organism or animal,Bama,4207474455,GUANGXI UNIVERSITY,2024-10-14,public,not collected,"run.zq,fastq,sra","s3,gs,ncbi","gs.us-east1,s3.us-east-1,ncbi.public",not collected,not collected,SRX26429966,China,Asia,China: Chengdu,29,DNBSEQ-T7,not collected,PMM_WT_2,PAIRED,RT-PCR,TRANSCRIPTOMIC,Sus scrofa,DNBSEQ,2025-01-01T00:00:00Z,2024-10-19T04:09:00Z,1,PMM_WT_2,male,SRP539507,not collected,PMM
SRR31045399,not collected,RNA-Seq,300,7073125500,PRJNA1174889,SAMN44349971,Model organism or animal,Bama,4639171672,GUANGXI UNIVERSITY,2024-10-14,public,not collected,"run.zq,fastq,sra","gs,s3,ncbi","ncbi.public,gs.us-east1,s3.us-east-1",not collected,not collected,SRX26429965,China,Asia,China: Chengdu,28,DNBSEQ-T7,not collected,PMM_WT_3,PAIRED,RT-PCR,TRANSCRIPTOMIC,Sus scrofa,DNBSEQ,2025-01-01T00:00:00Z,2024-10-19T04:15:00Z,1,PMM_WT_3,male,SRP539507,not collected,PMM
SRR31045400,not collected,RNA-Seq,300,7153818300,PRJNA1174889,SAMN44349970,Model organism or animal,Bama,4709244575,GUANGXI UNIVERSITY,2024-10-14,public,not collected,"run.zq,fastq,sra","s3,ncbi,gs","s3.us-east-1,ncbi.public,gs.us-east1",not collected,not collected,SRX26429964,China,Asia,China: Chengdu,27,DNBSEQ-T7,not collected,PMM_ZBED6_KO_1,PAIRED,RT-PCR,TRANSCRIPTOMIC,Sus scrofa,DNBSEQ,2025-01-01T00:00:00Z,2024-10-19T04:09:00Z,1,PMM_ZBED6_KO_1,male,SRP539507,not collected,PMM
SRR31045401,not collected,RNA-Seq,300,6809913300,PRJNA1174889,SAMN44349969,Model organism or animal,Bama,4489557320,GUANGXI UNIVERSITY,2024-10-14,public,not collected,"run.zq,fastq,sra","gs,ncbi,s3","ncbi.public,gs.us-east1,s3.us-east-1",not collected,not collected,SRX26429963,China,Asia,China: Chengdu,26,DNBSEQ-T7,not collected,PMM_ZBED6_KO_2,PAIRED,RT-PCR,TRANSCRIPTOMIC,Sus scrofa,DNBSEQ,2025-01-01T00:00:00Z,2024-10-19T04:04:00Z,1,PMM_ZBED6_KO_2,male,SRP539507,not collected,PMM
SRR31045402,not collected,RNA-Seq,300,6720884100,PRJNA1174889,SAMN44349968,Model organism or animal,Bama,4259938989,GUANGXI UNIVERSITY,2024-10-14,public,not collected,"fastq,run.zq,sra","gs,s3,ncbi","gs.us-east1,s3.us-east-1,ncbi.public",not collected,not collected,SRX26429962,China,Asia,China: Chengdu,25,DNBSEQ-T7,not collected,PMM_ZBED6_KO_3,PAIRED,RT-PCR,TRANSCRIPTOMIC,Sus scrofa,DNBSEQ,2025-01-01T00:00:00Z,2024-10-19T04:05:00Z,1,PMM_ZBED6_KO_3,male,SRP539507,not collected,PMM
SRR31045403,not collected,RNA-Seq,300,7086488100,PRJNA1174889,SAMN44349967,Model organism or animal,Bama,4476552692,GUANGXI UNIVERSITY,2024-10-14,public,not collected,"run.zq,fastq,sra","s3,ncbi,gs","gs.us-east1,s3.us-east-1,ncbi.public",not collected,not collected,SRX26429961,China,Asia,China: Chengdu,24,DNBSEQ-T7,not collected,RA_WT_1,PAIRED,RT-PCR,TRANSCRIPTOMIC,Sus scrofa,DNBSEQ,2025-01-01T00:00:00Z,2024-10-19T04:06:00Z,1,RA_WT_1,male,SRP539507,not collected,RA
SRR31045404,not collected,RNA-Seq,300,7194155400,PRJNA1174889,SAMN44349995,Model organism or animal,Bama,4549696016,GUANGXI UNIVERSITY,2024-10-14,public,not collected,"run.zq,sra,fastq","gs,ncbi,s3","s3.us-east-1,gs.us-east1,ncbi.public",not collected,not collected,SRX26429960,China,Asia,China: Chengdu,52,DNBSEQ-T7,not collected,BIP_WT_3,PAIRED,RT-PCR,TRANSCRIPTOMIC,Sus scrofa,DNBSEQ,2025-01-01T00:00:00Z,2024-10-19T04:05:00Z,1,BIP_WT_3,male,SRP539507,not collected,BIP
SRR31045405,not collected,RNA-Seq,300,6865600800,PRJNA1174889,SAMN44349994,Model organism or animal,Bama,4537900627,GUANGXI UNIVERSITY,2024-10-14,public,not collected,"sra,fastq,run.zq","ncbi,s3,gs","gs.us-east1,s3.us-east-1,ncbi.public",not collected,not collected,SRX26429959,China,Asia,China: Chengdu,51,DNBSEQ-T7,not collected,BIP_ZBED6_KO_1,PAIRED,RT-PCR,TRANSCRIPTOMIC,Sus scrofa,DNBSEQ,2025-01-01T00:00:00Z,2024-10-19T04:04:00Z,1,BIP_ZBED6_KO_1,male,SRP539507,not collected,BIP
SRR31045406,not collected,RNA-Seq,300,7029676500,PRJNA1174889,SAMN44349949,Model organism or animal,Bama,4635559753,GUANGXI UNIVERSITY,2024-10-14,public,not collected,"run.zq,sra,fastq","ncbi,s3,gs","gs.us-east1,ncbi.public,s3.us-east-1",not collected,not collected,SRX26429958,China,Asia,China: Chengdu,6,DNBSEQ-T7,not collected,TIP_WT_1,PAIRED,RT-PCR,TRANSCRIPTOMIC,Sus scrofa,DNBSEQ,2025-01-01T00:00:00Z,2024-10-19T04:05:00Z,1,TIP_WT_1,male,SRP539507,not collected,TIP
SRR31045407,not collected,RNA-Seq,300,6964472700,PRJNA1174889,SAMN44349993,Model organism or animal,Bama,4575317197,GUANGXI UNIVERSITY,2024-10-14,public,not collected,"run.zq,sra,fastq","ncbi,s3,gs","ncbi.public,s3.us-east-1,gs.us-east1",not collected,not collected,SRX26429957,China,Asia,China: Chengdu,50,DNBSEQ-T7,not collected,BIP_ZBED6_KO_2,PAIRED,RT-PCR,TRANSCRIPTOMIC,Sus scrofa,DNBSEQ,2025-01-01T00:00:00Z,2024-10-19T04:05:00Z,1,BIP_ZBED6_KO_2,male,SRP539507,not collected,BIP
SRR31045408,not collected,RNA-Seq,300,6915285000,PRJNA1174889,SAMN44349992,Model organism or animal,Bama,4583972832,GUANGXI UNIVERSITY,2024-10-14,public,not collected,"run.zq,sra,fastq","s3,gs,ncbi","s3.us-east-1,ncbi.public,gs.us-east1",not collected,not collected,SRX26429956,China,Asia,China: Chengdu,49,DNBSEQ-T7,not collected,BIP_ZBED6_KO_3,PAIRED,RT-PCR,TRANSCRIPTOMIC,Sus scrofa,DNBSEQ,2025-01-01T00:00:00Z,2024-10-19T04:05:00Z,1,BIP_ZBED6_KO_3,male,SRP539507,not collected,BIP
SRR31045409,not collected,RNA-Seq,300,7075590900,PRJNA1174889,SAMN44349991,Model organism or animal,Bama,4706653054,GUANGXI UNIVERSITY,2024-10-14,public,not collected,"sra,fastq,run.zq","s3,ncbi,gs","s3.us-east-1,ncbi.public,gs.us-east1",not collected,not collected,SRX26429955,China,Asia,China: Chengdu,48,DNBSEQ-T7,not collected,EDL_WT_1,PAIRED,RT-PCR,TRANSCRIPTOMIC,Sus scrofa,DNBSEQ,2025-01-01T00:00:00Z,2024-10-19T04:05:00Z,1,EDL_WT_1,male,SRP539507,not collected,EDL
SRR31045410,not collected,RNA-Seq,300,6867037200,PRJNA1174889,SAMN44349990,Model organism or animal,Bama,4508445157,GUANGXI UNIVERSITY,2024-10-14,public,not collected,"fastq,run.zq,sra","s3,ncbi,gs","ncbi.public,gs.us-east1,s3.us-east-1",not collected,not collected,SRX26429954,China,Asia,China: Chengdu,47,DNBSEQ-T7,not collected,EDL_WT_2,PAIRED,RT-PCR,TRANSCRIPTOMIC,Sus scrofa,DNBSEQ,2025-01-01T00:00:00Z,2024-10-19T04:05:00Z,1,EDL_WT_2,male,SRP539507,not collected,EDL
SRR31045411,not collected,RNA-Seq,300,6867067500,PRJNA1174889,SAMN44349989,Model organism or animal,Bama,4506783985,GUANGXI UNIVERSITY,2024-10-14,public,not collected,"run.zq,fastq,sra","ncbi,gs,s3","gs.us-east1,ncbi.public,s3.us-east-1",not collected,not collected,SRX26429953,China,Asia,China: Chengdu,46,DNBSEQ-T7,not collected,EDL_WT_3,PAIRED,RT-PCR,TRANSCRIPTOMIC,Sus scrofa,DNBSEQ,2025-01-01T00:00:00Z,2024-10-19T04:05:00Z,1,EDL_WT_3,male,SRP539507,not collected,EDL
SRR31045412,not collected,RNA-Seq,300,7072847100,PRJNA1174889,SAMN44349988,Model organism or animal,Bama,4598212857,GUANGXI UNIVERSITY,2024-10-14,public,not collected,"run.zq,fastq,sra","gs,ncbi,s3","gs.us-east1,s3.us-east-1,ncbi.public",not collected,not collected,SRX26429952,China,Asia,China: Chengdu,45,DNBSEQ-T7,not collected,EDL_ZBED6_KO_1,PAIRED,RT-PCR,TRANSCRIPTOMIC,Sus scrofa,DNBSEQ,2025-01-01T00:00:00Z,2024-10-19T04:09:00Z,1,EDL_ZBED6_KO_1,male,SRP539507,not collected,EDL
SRR31045413,not collected,RNA-Seq,300,6883632000,PRJNA1174889,SAMN44349987,Model organism or animal,Bama,4504129031,GUANGXI UNIVERSITY,2024-10-14,public,not collected,"fastq,sra,run.zq","s3,ncbi,gs","gs.us-east1,s3.us-east-1,ncbi.public",not collected,not collected,SRX26429951,China,Asia,China: Chengdu,44,DNBSEQ-T7,not collected,EDL_ZBED6_KO_2,PAIRED,RT-PCR,TRANSCRIPTOMIC,Sus scrofa,DNBSEQ,2025-01-01T00:00:00Z,2024-10-19T04:09:00Z,1,EDL_ZBED6_KO_2,male,SRP539507,not collected,EDL
SRR31045414,not collected,RNA-Seq,300,6635798400,PRJNA1174889,SAMN44349986,Model organism or animal,Bama,4403038151,GUANGXI UNIVERSITY,2024-10-14,public,not collected,"sra,fastq,run.zq","ncbi,s3,gs","s3.us-east-1,ncbi.public,gs.us-east1",not collected,not collected,SRX26429950,China,Asia,China: Chengdu,43,DNBSEQ-T7,not collected,EDL_ZBED6_KO_3,PAIRED,RT-PCR,TRANSCRIPTOMIC,Sus scrofa,DNBSEQ,2025-01-01T00:00:00Z,2024-10-19T04:07:00Z,1,EDL_ZBED6_KO_3,male,SRP539507,not collected,EDL
SRR31045415,not collected,RNA-Seq,300,6850565100,PRJNA1174889,SAMN44349985,Model organism or animal,Bama,4433888072,GUANGXI UNIVERSITY,2024-10-14,public,not collected,"fastq,run.zq,sra","ncbi,gs,s3","ncbi.public,s3.us-east-1,gs.us-east1",not collected,not collected,SRX26429949,China,Asia,China: Chengdu,42,DNBSEQ-T7,not collected,GAS_WT_1,PAIRED,RT-PCR,TRANSCRIPTOMIC,Sus scrofa,DNBSEQ,2025-01-01T00:00:00Z,2024-10-19T04:07:00Z,1,GAS_WT_1,male,SRP539507,not collected,GAS
SRR31045416,not collected,RNA-Seq,300,6900297600,PRJNA1174889,SAMN44349984,Model organism or animal,Bama,4529382475,GUANGXI UNIVERSITY,2024-10-14,public,not collected,"fastq,sra,run.zq","gs,ncbi,s3","gs.us-east1,s3.us-east-1,ncbi.public",not collected,not collected,SRX26429948,China,Asia,China: Chengdu,41,DNBSEQ-T7,not collected,GAS_WT_2,PAIRED,RT-PCR,TRANSCRIPTOMIC,Sus scrofa,DNBSEQ,2025-01-01T00:00:00Z,2024-10-19T04:10:00Z,1,GAS_WT_2,male,SRP539507,not collected,GAS
SRR31045417,not collected,RNA-Seq,300,7187947800,PRJNA1174889,SAMN44349948,Model organism or animal,Bama,4661646449,GUANGXI UNIVERSITY,2024-10-14,public,not collected,"run.zq,fastq,sra","gs,s3,ncbi","s3.us-east-1,ncbi.public,gs.us-east1",not collected,not collected,SRX26429947,China,Asia,China: Chengdu,5,DNBSEQ-T7,not collected,TIP_WT_2,PAIRED,RT-PCR,TRANSCRIPTOMIC,Sus scrofa,DNBSEQ,2025-01-01T00:00:00Z,2024-10-19T04:08:00Z,1,TIP_WT_2,male,SRP539507,not collected,TIP
SRR31045418,not collected,RNA-Seq,300,6859982100,PRJNA1174889,SAMN44349983,Model organism or animal,Bama,4544983693,GUANGXI UNIVERSITY,2024-10-14,public,not collected,"run.zq,sra,fastq","ncbi,s3,gs","s3.us-east-1,ncbi.public,gs.us-east1",not collected,not collected,SRX26429946,China,Asia,China: Chengdu,40,DNBSEQ-T7,not collected,GAS_WT_3,PAIRED,RT-PCR,TRANSCRIPTOMIC,Sus scrofa,DNBSEQ,2025-01-01T00:00:00Z,2024-10-19T04:07:00Z,1,GAS_WT_3,male,SRP539507,not collected,GAS
SRR31045419,not collected,RNA-Seq,300,6846140700,PRJNA1174889,SAMN44349982,Model organism or animal,Bama,4574218365,GUANGXI UNIVERSITY,2024-10-14,public,not collected,"fastq,run.zq,sra","ncbi,s3,gs","s3.us-east-1,ncbi.public,gs.us-east1",not collected,not collected,SRX26429945,China,Asia,China: Chengdu,39,DNBSEQ-T7,not collected,GAS_ZBED6_KO_1,PAIRED,RT-PCR,TRANSCRIPTOMIC,Sus scrofa,DNBSEQ,2025-01-01T00:00:00Z,2024-10-19T04:10:00Z,1,GAS_ZBED6_KO_1,male,SRP539507,not collected,GAS
SRR31045420,not collected,RNA-Seq,300,6787681800,PRJNA1174889,SAMN44349966,Model organism or animal,Bama,4376849575,GUANGXI UNIVERSITY,2024-10-14,public,not collected,"run.zq,fastq,sra","gs,ncbi,s3","ncbi.public,s3.us-east-1,gs.us-east1",not collected,not collected,SRX26429944,China,Asia,China: Chengdu,23,DNBSEQ-T7,not collected,RA_WT_2,PAIRED,RT-PCR,TRANSCRIPTOMIC,Sus scrofa,DNBSEQ,2025-01-01T00:00:00Z,2024-10-19T04:11:00Z,1,RA_WT_2,male,SRP539507,not collected,RA
SRR31045421,not collected,RNA-Seq,300,6645007200,PRJNA1174889,SAMN44349965,Model organism or animal,Bama,4185409308,GUANGXI UNIVERSITY,2024-10-14,public,not collected,"sra,fastq,run.zq","gs,s3,ncbi","s3.us-east-1,gs.us-east1,ncbi.public",not collected,not collected,SRX26429943,China,Asia,China: Chengdu,22,DNBSEQ-T7,not collected,RA_WT_3,PAIRED,RT-PCR,TRANSCRIPTOMIC,Sus scrofa,DNBSEQ,2025-01-01T00:00:00Z,2024-10-19T04:08:00Z,1,RA_WT_3,male,SRP539507,not collected,RA
SRR31045422,not collected,RNA-Seq,300,6524067900,PRJNA1174889,SAMN44349964,Model organism or animal,Bama,4304728109,GUANGXI UNIVERSITY,2024-10-14,public,not collected,"fastq,sra,run.zq","s3,ncbi,gs","s3.us-east-1,gs.us-east1,ncbi.public",not collected,not collected,SRX26429942,China,Asia,China: Chengdu,21,DNBSEQ-T7,not collected,RA_ZBED6_KO_1,PAIRED,RT-PCR,TRANSCRIPTOMIC,Sus scrofa,DNBSEQ,2025-01-01T00:00:00Z,2024-10-19T04:11:00Z,1,RA_ZBED6_KO_1,male,SRP539507,not collected,RA
SRR31045423,not collected,RNA-Seq,300,6719442900,PRJNA1174889,SAMN44349946,Model organism or animal,Bama,4372341961,GUANGXI UNIVERSITY,2024-10-14,public,not collected,"fastq,run.zq,sra","s3,gs,ncbi","gs.us-east1,ncbi.public,s3.us-east-1",not collected,not collected,SRX26429941,China,Asia,China: Chengdu,3,DNBSEQ-T7,not collected,TIP_ZBED6_KO_1,PAIRED,RT-PCR,TRANSCRIPTOMIC,Sus scrofa,DNBSEQ,2025-01-01T00:00:00Z,2024-10-19T04:11:00Z,1,TIP_ZBED6_KO_1,male,SRP539507,not collected,TIP
SRR31045424,not collected,RNA-Seq,300,5353874700,PRJNA1174889,SAMN44349963,Model organism or animal,Bama,3517571988,GUANGXI UNIVERSITY,2024-10-14,public,not collected,"fastq,sra,run.zq","ncbi,s3,gs","gs.us-east1,s3.us-east-1,ncbi.public",not collected,not collected,SRX26429940,China,Asia,China: Chengdu,20,DNBSEQ-T7,not collected,RA_ZBED6_KO_2,PAIRED,RT-PCR,TRANSCRIPTOMIC,Sus scrofa,DNBSEQ,2025-01-01T00:00:00Z,2024-10-19T04:08:00Z,1,RA_ZBED6_KO_2,male,SRP539507,not collected,RA
SRR31045425,not collected,RNA-Seq,300,6864975600,PRJNA1174889,SAMN44349962,Model organism or animal,Bama,4441783133,GUANGXI UNIVERSITY,2024-10-14,public,not collected,"sra,run.zq,fastq","s3,ncbi,gs","gs.us-east1,s3.us-east-1,ncbi.public",not collected,not collected,SRX26429939,China,Asia,China: Chengdu,19,DNBSEQ-T7,not collected,RA_ZBED6_KO_3,PAIRED,RT-PCR,TRANSCRIPTOMIC,Sus scrofa,DNBSEQ,2025-01-01T00:00:00Z,2024-10-19T04:09:00Z,1,RA_ZBED6_KO_3,male,SRP539507,not collected,RA
SRR31045426,not collected,RNA-Seq,300,7055994600,PRJNA1174889,SAMN44349961,Model organism or animal,Bama,4592400249,GUANGXI UNIVERSITY,2024-10-14,public,not collected,"sra,run.zq,fastq","ncbi,gs,s3","ncbi.public,gs.us-east1,s3.us-east-1",not collected,not collected,SRX26429938,China,Asia,China: Chengdu,18,DNBSEQ-T7,not collected,SOL_WT_1,PAIRED,RT-PCR,TRANSCRIPTOMIC,Sus scrofa,DNBSEQ,2025-01-01T00:00:00Z,2024-10-19T04:10:00Z,1,SOL_WT_1,male,SRP539507,not collected,SOL
SRR31045427,not collected,RNA-Seq,300,6764545800,PRJNA1174889,SAMN44349960,Model organism or animal,Bama,4488108366,GUANGXI UNIVERSITY,2024-10-14,public,not collected,"sra,fastq,run.zq","ncbi,s3,gs","s3.us-east-1,ncbi.public,gs.us-east1",not collected,not collected,SRX26429937,China,Asia,China: Chengdu,17,DNBSEQ-T7,not collected,SOL_WT_2,PAIRED,RT-PCR,TRANSCRIPTOMIC,Sus scrofa,DNBSEQ,2025-01-01T00:00:00Z,2024-10-19T04:12:00Z,1,SOL_WT_2,male,SRP539507,not collected,SOL
SRR31045428,not collected,RNA-Seq,300,6617139900,PRJNA1174889,SAMN44349959,Model organism or animal,Bama,4358178210,GUANGXI UNIVERSITY,2024-10-14,public,not collected,"sra,run.zq,fastq","s3,ncbi,gs","ncbi.public,s3.us-east-1,gs.us-east1",not collected,not collected,SRX26429936,China,Asia,China: Chengdu,16,DNBSEQ-T7,not collected,SOL_WT_3,PAIRED,RT-PCR,TRANSCRIPTOMIC,Sus scrofa,DNBSEQ,2025-01-01T00:00:00Z,2024-10-19T04:07:00Z,1,SOL_WT_3,male,SRP539507,not collected,SOL
SRR31045429,not collected,RNA-Seq,300,6790541700,PRJNA1174889,SAMN44349958,Model organism or animal,Bama,4459247765,GUANGXI UNIVERSITY,2024-10-14,public,not collected,"run.zq,fastq,sra","ncbi,s3,gs","s3.us-east-1,gs.us-east1,ncbi.public",not collected,not collected,SRX26429935,China,Asia,China: Chengdu,15,DNBSEQ-T7,not collected,SOL_ZBED6_KO_1,PAIRED,RT-PCR,TRANSCRIPTOMIC,Sus scrofa,DNBSEQ,2025-01-01T00:00:00Z,2024-10-19T04:10:00Z,1,SOL_ZBED6_KO_1,male,SRP539507,not collected,SOL
SRR31045430,not collected,RNA-Seq,300,7111287900,PRJNA1174889,SAMN44349957,Model organism or animal,Bama,4651771944,GUANGXI UNIVERSITY,2024-10-14,public,not collected,"sra,fastq,run.zq","ncbi,s3,gs","s3.us-east-1,gs.us-east1,ncbi.public",not collected,not collected,SRX26429934,China,Asia,China: Chengdu,14,DNBSEQ-T7,not collected,SOL_ZBED6_KO_2,PAIRED,RT-PCR,TRANSCRIPTOMIC,Sus scrofa,DNBSEQ,2025-01-01T00:00:00Z,2024-10-19T04:11:00Z,1,SOL_ZBED6_KO_2,male,SRP539507,not collected,SOL
SRR31045431,not collected,RNA-Seq,300,6966402900,PRJNA1174889,SAMN44349956,Model organism or animal,Bama,4572841953,GUANGXI UNIVERSITY,2024-10-14,public,not collected,"sra,run.zq,fastq","s3,ncbi,gs","gs.us-east1,ncbi.public,s3.us-east-1",not collected,not collected,SRX26429933,China,Asia,China: Chengdu,13,DNBSEQ-T7,not collected,SOL_ZBED6_KO_3,PAIRED,RT-PCR,TRANSCRIPTOMIC,Sus scrofa,DNBSEQ,2025-01-01T00:00:00Z,2024-10-19T04:08:00Z,1,SOL_ZBED6_KO_3,male,SRP539507,not collected,SOL
SRR31045432,not collected,RNA-Seq,300,6804858900,PRJNA1174889,SAMN44349955,Model organism or animal,Bama,4433274113,GUANGXI UNIVERSITY,2024-10-14,public,not collected,"run.zq,sra,fastq","ncbi,s3,gs","ncbi.public,s3.us-east-1,gs.us-east1",not collected,not collected,SRX26429932,China,Asia,China: Chengdu,12,DNBSEQ-T7,not collected,TA_WT_1,PAIRED,RT-PCR,TRANSCRIPTOMIC,Sus scrofa,DNBSEQ,2025-01-01T00:00:00Z,2024-10-19T04:10:00Z,1,TA_WT_1,male,SRP539507,not collected,TA
SRR31045433,not collected,RNA-Seq,300,6833696100,PRJNA1174889,SAMN44349954,Model organism or animal,Bama,4509903102,GUANGXI UNIVERSITY,2024-10-14,public,not collected,"fastq,sra,run.zq","ncbi,gs,s3","s3.us-east-1,gs.us-east1,ncbi.public",not collected,not collected,SRX26429931,China,Asia,China: Chengdu,11,DNBSEQ-T7,not collected,TA_WT_2,PAIRED,RT-PCR,TRANSCRIPTOMIC,Sus scrofa,DNBSEQ,2025-01-01T00:00:00Z,2024-10-19T04:10:00Z,1,TA_WT_2,male,SRP539507,not collected,TA
SRR31045434,not collected,RNA-Seq,300,7145916000,PRJNA1174889,SAMN44349945,Model organism or animal,Bama,4687729206,GUANGXI UNIVERSITY,2024-10-14,public,not collected,"sra,run.zq,fastq","gs,ncbi,s3","ncbi.public,s3.us-east-1,gs.us-east1",not collected,not collected,SRX26429930,China,Asia,China: Chengdu,2,DNBSEQ-T7,not collected,TIP_ZBED6_KO_2,PAIRED,RT-PCR,TRANSCRIPTOMIC,Sus scrofa,DNBSEQ,2025-01-01T00:00:00Z,2024-10-19T04:09:00Z,1,TIP_ZBED6_KO_2,male,SRP539507,not collected,TIP
SRR31045435,not collected,RNA-Seq,300,6208454400,PRJNA1174889,SAMN44349944,Model organism or animal,Bama,4091498289,GUANGXI UNIVERSITY,2024-10-14,public,not collected,"sra,run.zq,fastq","ncbi,gs,s3","gs.us-east1,s3.us-east-1,ncbi.public",not collected,not collected,SRX26429929,China,Asia,China: Chengdu,1,DNBSEQ-T7,not collected,TIP_ZBED6_KO_3,PAIRED,RT-PCR,TRANSCRIPTOMIC,Sus scrofa,DNBSEQ,2025-01-01T00:00:00Z,2024-10-19T04:08:00Z,1,TIP_ZBED6_KO_3,male,SRP539507,not collected,TIP
